index,country_c,pm25,norm_pol2,pol_log32_n,safe,atleast_basicsan,norm_basicsan,basicsan_log32_n,basicw,norm_water,water_log32_n,calorie,norm_calorie,calorie_log32_n,avg_life,norm_life_expect,lifeexpect_log32_n,category_a_pts
4,Norway,6.42853,0.984438442606648,31.502030163412734,77.87696483333333,100.00000218333334,0.9999999968333336,31.999999898666672,99.99999857142858,0.9999999777964302,31.999999289485768,1.2,0.9847715736040608,31.512690355329948,82.64,0.926060606,29.633939392,156.6486590988951
0,Finland,5.52591,0.9995424715179232,31.985359088573546,89.6093725,99.99995586833334,0.9999995336833452,31.999985077867045,100.0,1.0,32.0,0.4,0.9949238578680204,31.83756345177665,81.49,0.898181818,28.741818176,156.56472579421725
6,Australia,7.241084,0.9708415368124352,31.066929177997924,95.56239916666668,99.99982628333336,0.9999982378333776,31.999943610668083,99.969854,0.9995314558243192,31.985006586378216,2.5,0.9682741116751268,30.98477157360406,83.06,0.936242424,29.959757568,155.99640851664827
2,Sweden,6.046158,0.9908368802026044,31.70678016648334,95.50211233333332,99.58959759833331,0.9958959510859344,31.868670434749905,99.71543285714286,0.995577115458902,31.85846769468486,2.7,0.9657360406091372,30.903553299492387,82.59,0.924848485,29.59515152,155.93262311541048
16,Switzerland,9.935088,0.92576131002476,29.62436192079232,99.699506,99.99999986866666,0.9999999736866674,31.99999915797336,100.0,1.0,32.0,1.1,0.9860406091370558,31.553299492385783,83.34,0.943030303,30.176969696,155.35463026715144
5,Canada,6.768582,0.9787481684720876,31.3199413911068,83.81780333333333,98.72907716666666,0.987290746984398,31.593303903500733,99.22345557142856,0.9879305589741654,31.61377788717329,2.2,0.9720812182741116,31.106598984771573,81.93,0.908848485,29.08315152,154.7167736865524
15,Luxembourg,9.726578,0.9292504206895912,29.73601346206692,94.97776833333334,99.97194881666668,0.9997194631736802,31.991022821557767,99.88505657142856,0.9982134918732182,31.94283173994298,1.0,0.9873096446700508,31.593908629441625,81.53,0.899151515,28.77284848,154.0366251330093
17,Denmark,10.029042,0.9241891268997128,29.57405206079081,98.52203933333334,100.000000805,0.9999999830500004,31.999999457600016,100.0,1.0,32.0,0.6,0.9923857868020304,31.756345177664976,81.12,0.889212121,28.454787872,153.7851845680558
25,France,11.28572,0.903160453876554,28.90113452404973,89.482839,100.00000163333334,0.9999999913333336,31.99999972266668,100.0,1.0,32.0,1.9,0.9758883248730964,31.228426395939085,82.46,0.92169697,29.49430304,153.6238636826555
26,Netherlands,11.607704,0.897772521363461,28.72872068363075,97.49564166666666,99.99944988666664,0.9999944738668048,31.99982316373775,100.0,1.0,32.0,0.9,0.9885786802030456,31.634517766497463,81.67,0.902545455,28.88145456,153.24451617386597
29,Japan,11.777876,0.8949249411991731,28.63759811837354,99.00366983333332,99.945054235,0.9994505173637372,31.98241655563959,99.05699942857144,0.985343414535697,31.530989265142303,5.0,0.9365482233502538,29.96954314720812,84.17,0.963151515,30.82084848,152.94139556636355
19,United Kingdom,10.188522,0.9215204617573826,29.48865477623624,98.08293516666669,99.82735911666668,0.9982735662098275,31.944754118714485,100.0,1.0,32.0,2.2,0.9720812182741116,31.106598984771573,81.02,0.886787879,28.377212128,152.9172200077223
32,Belgium,12.278078,0.8865547904497129,28.36975329439081,92.98662666666668,99.99991249833332,0.999999099983356,31.99997119946739,100.0,1.0,32.0,0.5,0.9936548223350252,31.79695431472081,81.28,0.893090909,28.578909088,152.745587896579
41,Malta,13.289534,0.8696295498540216,27.82814559532869,88.17641733333333,99.96448533333331,0.9996448283422128,31.98863450695081,100.0,1.0,32.0,1.9,0.9758883248730964,31.228426395939085,82.58,0.924606061,29.587393952,152.63260045021858
18,Spain,10.15503,0.9220809015175212,29.50658884856068,90.010565,99.99999993766669,0.9999999743766674,31.99999918005336,99.92583328571428,0.9988472639153462,31.96311244529108,7.1,0.9098984771573604,29.11675126903553,82.9,0.932363636,29.835636352,152.42208809494065
28,Germany,11.701302,0.8962062953790627,28.678601452130007,96.8654345,100.0000004,0.9999999790000004,31.999999328000012,100.0,1.0,32.0,1.5,0.980964467005076,31.39086294416244,80.89,0.883636364,28.276363648,152.34582737229243
3,Estonia,6.378954,0.985268024642616,31.528576788563708,90.421816,99.77044845833332,0.997704459640722,31.926542708503103,99.97212,0.9995666751271152,31.98613360406769,3.3,0.9581218274111676,30.65989847715736,78.06,0.815030303,26.080969696,152.18212127429186
34,Austria,12.481904,0.8831440596916202,28.260609910131848,99.667801,99.97264983833333,0.9997264733901716,31.99124714848549,100.0,1.0,32.0,2.6,0.967005076142132,30.944162436548226,81.58,0.900363636,28.811636352,152.00765584716555
8,United States,7.824882,0.961072528957142,30.75432092662854,97.10263233333332,99.67607904999998,0.9967607655809808,31.896344498591382,99.74156014285714,0.9959831987717056,31.87146236069458,2.2,0.9720812182741116,31.106598984771573,78.38,0.822787879,26.329212128,151.95793889868608
11,Ireland,8.37472,0.9518717921592448,30.45989734909584,79.484438,96.08231183333332,0.960823094312756,30.74633901800819,96.03188928571429,0.9383256430824432,30.026420578638184,0.9,0.9885786802030456,31.634517766497463,81.91,0.908363636,29.067636352,151.93481106423968
10,Portugal,8.274288,0.9535523751638506,30.51367600524322,91.174845,99.96299433666668,0.999629918375919,31.988157388029407,99.22192371428572,0.9879067500860124,31.613016002752392,9.3,0.881979695431472,28.223350253807105,81.49,0.898181818,28.741818176,151.08001782583213
45,Cyprus,14.660054,0.8466958970394584,27.094268705262667,76.8097525,99.39975066666666,0.9939974818167296,31.80791941813535,99.76849785714286,0.9964018781697932,31.88486010143338,1.4,0.9822335025380712,31.431472081218278,81.28,0.893090909,28.578909088,150.79742939404966
53,Italy,15.80656,0.8275107917116897,26.48034533477407,79.02105733333333,99.98582057066666,0.9998581807102122,31.99546178272679,99.91703,0.9987104388556935,31.958734043382197,5.3,0.932741116751269,29.84771573604061,82.84,0.930909091,29.789090912,150.07134780892366
58,Slovenia,16.6441,0.8134957816583455,26.03186501306705,83.34109149999999,99.28205099333331,0.9928204851128212,31.770255523610277,99.5,0.9922287504862805,31.75132001556097,0.9,0.9885786802030456,31.634517766497463,80.64,0.877575758,28.082424256,149.27038257473578
57,Czechia,16.594786,0.8143209795065325,26.05827134420904,88.86160183333334,99.993662645,0.999936601451585,31.99797124645072,99.8804887142857,0.9981424959580176,31.940559870656568,2.8,0.964467005076142,30.86294416243655,78.73,0.831272727,26.600727264,147.46047388775287
59,Costa Rica,16.70266,0.8125158654887011,26.00050769563844,24.928943500000003,98.60842140666666,0.986084189414562,31.554694061265984,99.73500814285714,0.9958813643180778,31.86820365817849,6.7,0.91497461928934,29.279187817258883,79.92,0.860121212,27.523878784,146.2264720163418
94,South Korea,25.682276,0.6622550916568002,21.19216293301761,99.0455,99.847806115,0.9984780361880492,31.95129715801757,99.76415914285714,0.9963344437072268,31.88270219863126,5.0,0.9365482233502538,29.96954314720812,83.14,0.938181818,30.021818176,145.01752361287458
48,Greece,15.424528,0.8339035399036556,26.68491327691698,90.864006,99.99999938333332,0.9999999688333342,31.99999900266669,99.99999857142858,0.9999999777964302,31.999999289485768,15.5,0.8032994923857868,25.705583756345177,81.08,0.888242424,28.423757568,144.81425289341462
50,Belarus,15.441196,0.8336246252397959,26.675988007673467,75.0485225,99.53347697733334,0.9953347448899648,31.850711836478872,98.64077857142856,0.978874302268354,31.323977672587333,0.1,0.998730964467005,31.95939086294416,73.64,0.707878788,22.652121216,144.46218959568384
72,Israel,20.157812,0.7546989373230826,24.15036599433864,94.37265083333334,99.93924331666668,0.9993924081818566,31.98055706181941,100.0,1.0,32.0,14.0,0.8223350253807107,26.314720812182745,82.59,0.924848485,29.59515152,144.0407953883408
55,Hungary,16.291438,0.819397065746786,26.22070610389715,87.6348985,100.0000025,1.0,32.0,99.9916985714286,0.9998709750545026,31.995871201744084,6.6,0.916243654822335,29.31979695431472,75.92,0.763151515,24.42084848,143.95722273995597
21,Lithuania,10.627948,0.9141673087047512,29.25335387855204,93.93136916666668,95.58341443366668,0.9558341204408138,30.586691854106043,97.81236228571429,0.965998642953325,30.9119565745064,6.4,0.9187817258883249,29.401015228426395,75.1,0.743272727,23.784727264,143.9377447995909
66,Albania,18.435358,0.7835216922081303,25.07269415066017,51.378289333333335,99.761607915,0.9976160542095986,31.92371373470716,94.61367271428573,0.9162830134003164,29.321056428810127,3.4,0.9568527918781726,30.619289340101524,78.52,0.826181818,26.437818176,143.374571830279
70,Bulgaria,19.606286,0.7639279203384378,24.44569345083001,70.95120333333334,99.99974591666668,0.9999974341667308,31.99991789333539,99.14627857142855,0.9867310355267246,31.575393136855187,2.6,0.967005076142132,30.944162436548226,74.39,0.726060606,23.233939392,142.1991063095688
12,Russia,8.938796,0.9424328032024784,30.15784970247931,60.76274083333333,88.82749033333333,0.8882748811264614,28.424796196046763,96.79614128571428,0.9502040290491616,30.406528929573174,0.5,0.9936548223350252,31.79695431472081,71.84,0.664242424,21.255757568,142.04188671082005
77,Malaysia,21.344178,0.7348468330451428,23.515098657444568,84.15144500000001,99.86537271666668,0.9986537022003243,31.95691847041038,97.09568442857145,0.9548596780556948,30.55550969778224,0.5,0.9936548223350252,31.79695431472081,75.52,0.753454545,24.11054544,141.935026580358
33,Latvia,12.373456,0.8849587787620707,28.318680920386264,83.45664719999999,94.60312136,0.9460311899492202,30.272998078375046,98.73789571428571,0.9803837453667588,31.372279851736284,9.6,0.8781725888324873,28.101522842639596,74.82,0.736484848,23.567515136,141.6329968291372
9,Dominican Republic,7.960802,0.9587981060442656,30.681539393416497,44.22011716666666,96.046353,0.9604635059884123,30.734832191629195,96.17566685714284,0.9405603058465392,30.097929787089253,10.4,0.868020304568528,27.77664974619289,73.13,0.695515152,22.256484864,141.54743598232784
90,Thailand,24.477594,0.6824136874744122,21.83723799918119,25.7233975,99.94922697833334,0.9994922447960274,31.98375183347288,99.72574,0.9957373142167344,31.863594054935504,3.1,0.9606598984771574,30.74111675126904,76.69,0.781818182,25.018181824,141.44388246285862
64,Slovakia,18.098388,0.7891603935688718,25.253132594203898,82.49468166666666,99.95399501666668,0.9995399251781686,31.985277605701395,99.78759757142858,0.9966987354605032,31.8943595347361,13.3,0.8312182741116751,26.598984771573605,76.93,0.787636364,25.204363648,140.936118154215
85,Türkiye,22.982844,0.7074261481058284,22.637636739386508,73.68746066666667,99.12707619,0.9912707371182315,31.72066358778341,96.804819,0.9503389024150076,30.410844877280248,2.7,0.9657360406091372,30.903553299492387,76.82,0.784969697,25.119030304,140.79172880794255
42,Paraguay,13.4093,0.8676254405648547,27.76401409807535,54.06442616666666,95.60084425,0.9560084185997896,30.592269395193263,99.06683357142856,0.9854962616914898,31.535880374127675,7.9,0.899746192893401,28.79187817258883,72.85,0.688727273,22.039272736,140.7233147759851
79,Montenegro,21.857828,0.7262516496343202,23.240052788298247,52.65693,97.87758384,0.9787758139306048,31.320826045779352,98.46999628571427,0.976219918758736,31.239037400279557,5.0,0.9365482233502538,29.96954314720812,76.25,0.771151515,24.67684848,140.44630786156526
88,Lebanon,24.090224,0.6888957593090279,22.044664297888893,25.758572666666662,99.311051055,0.9931104857222378,31.77953554311161,92.29734714285712,0.8802815254591552,28.169008814692965,0.0,1.0,32.0,77.56,0.802909091,25.693090912,139.68629956769348
93,Jordan,25.44272,0.6662637118401216,21.32043877888389,82.0865125,98.85426036666668,0.9885425789531024,31.633362526499276,98.94903142857144,0.9836653220007024,31.477290304022475,3.2,0.9593908629441624,30.7005076142132,75.78,0.759757576,24.312242432,139.44384165561885
78,Poland,21.446436,0.7331356945944002,23.460342227020806,97.75453733333332,99.97255823333332,0.9997255573401944,31.991217834886218,91.92991657142856,0.8745707361600752,27.98626355712241,4.9,0.9378172588832488,30.01015228426396,77.42,0.799515152,25.584484864,139.03246076729337
38,Suriname,12.817692,0.877525137376516,28.080804396048517,25.4532035,95.67443763333333,0.9567443524147246,30.615819277271186,97.34974571428572,0.9588084253418192,30.68186961093821,8.7,0.8895939086294417,28.467005076142133,71.33,0.651878788,20.860121216,138.70561957640004
84,Algeria,22.858182,0.7095121848124573,22.704389913998632,62.4067185,96.37667483333334,0.9637667242391652,30.84053517565329,94.20887642857144,0.9099914675232912,29.11972696074532,0.7,0.9911167512690356,31.715736040609137,75.25,0.746909091,23.901090912,138.28147900300638
97,Tunisia,26.717788,0.6449273089952455,20.637673887847857,79.63486999999999,98.3296902,0.983296877417578,31.465500077362496,96.07825285714286,0.9390462488462804,30.049479963080973,0.3,0.9961928934010152,31.878172588832488,75.09,0.743030303,23.776969696,137.80779621312382
71,Mexico,20.004454,0.757265159726503,24.232485111248096,56.318308,98.15890811666668,0.9815890566269404,31.410849812062093,98.991258,0.9843216284460632,31.49829211027402,9.9,0.8743654822335025,27.97969543147208,73.62,0.707393939,22.636606048,137.7579285130563
89,Serbia,24.427786,0.6832471516919266,21.86390885414165,25.97620716666667,97.90009586833334,0.97900093420831,31.328029894665924,94.85876071428572,0.9200922934019534,29.44295338886251,3.5,0.9555837563451776,30.578680203045685,75.43,0.751272727,24.040727264,137.25429960471575
31,Brazil,12.199932,0.8878624497562877,28.411598392201206,48.06583800000001,89.68922983916667,0.8968922759693598,28.700552831019515,98.93226857142858,0.9834047853098624,31.4689531299156,17.8,0.7741116751269035,24.77157360406091,74.97,0.740121212,23.683878784,137.03655674119724
74,Vietnam,20.784824,0.7442068062206069,23.81461779905942,42.525609,90.14685215,0.9014684989632876,28.846991966825204,95.80466785714285,0.9347940542498584,29.913409735995465,1.9,0.9758883248730964,31.228426395939085,74.24,0.722424242,23.117575744,136.92102164181918
60,Ecuador,16.73258,0.8120151979375442,25.984486334001414,41.83718583333333,97.82126391666668,0.9782126147113512,31.302803670763243,94.92816485714286,0.9211710072248108,29.47747223119395,15.4,0.8045685279187818,25.746192893401016,75.8,0.760242424,24.327757568,136.83871269735963
106,Bosnia and Herzegovina,30.012342,0.5897977540709609,18.87352813027075,52.783885,95.96934204,0.9596933964076652,30.710188685045285,96.12309785714284,0.939743252215166,30.071784070885307,1.0,0.9873096446700508,31.593908629441625,76.94,0.787878788,25.212121216,136.46153073164297
27,Guyana,11.628016,0.8974326296756567,28.717844149621016,45.567325833333335,97.87258166666668,0.978725792198522,31.319225350352703,94.91614857142858,0.9209842441157832,29.471495811705065,9.0,0.8857868020304569,28.34517766497462,68.04,0.572121212,18.307878784,136.1616217606534
129,United Arab Emirates,42.997288,0.3725136258715539,11.920436027889725,98.45973833333332,99.79329315,0.9979329065516775,31.93385300965368,99.98963357142856,0.9998388797940108,31.994844153408344,2.1,0.9733502538071066,31.14720812182741,81.82,0.906181818,28.997818176,135.9941594887792
107,Palestine,30.386114,0.5835432249288799,18.67338319772416,66.23395366666666,99.64649111,0.996464886188378,31.886876358028093,97.57817357142858,0.9623587650893022,30.79548048285767,1.4,0.9822335025380712,31.431472081218278,73.96,0.715636364,22.900363648,135.6875757678282
98,Azerbaijan,27.517796,0.6315403422082793,20.209290950664936,68.80547,98.80765003333332,0.9880764756314216,31.61844722020549,95.58092714285716,0.9313165644156742,29.802130061301572,0.0,1.0,32.0,72.47,0.679515152,21.744484864,135.374353096172
102,North Macedonia,28.443462,0.6160506721077003,19.71362150744641,12.226355833333336,98.99082275666666,0.9899082028189616,31.67706249020677,97.71926714285712,0.9645517117860084,30.86565477715227,8.9,0.8870558375634517,28.385786802030456,75.83,0.760969697,24.351030304,134.9931558808359
52,Colombia,15.77876,0.8279759841556122,26.495231492979592,18.102346666666666,96.2193415,0.9621933909451652,30.79018851024529,96.91836842857144,0.9521037442981456,30.467319817540652,24.4,0.6903553299492386,22.09137055837564,75.96,0.764121212,24.451878784,134.2959891631412
43,Morocco,13.594458,0.8645270915529184,27.66486692969339,60.166259333333336,88.3816921,0.8838168989045775,28.28214076494648,84.55382071428572,0.759927773474134,24.317688751172287,2.1,0.9733502538071066,31.14720812182741,73.6,0.706909091,22.621090912,134.03299547963957
83,Chile,22.509624,0.7153447944480252,22.891033422336807,95.24976333333332,99.99999751666664,0.999999950166668,31.99999840533337,99.95752,0.9993397546413146,31.97887214852207,31.7,0.5977157360406091,19.12690355329949,79.97,0.861333333,27.562666656,133.55947418549172
99,Bhutan,27.597394,0.6302083857999571,20.166668345598627,49.77043116666667,85.53846066666667,0.8553845852820521,27.372306729025667,98.81765057142856,0.9816233351563354,31.41194672500273,0.9,0.9885786802030456,31.634517766497463,71.65,0.659636364,21.108363648,131.6938032141245
76,Honduras,21.145548,0.7381706163234287,23.62145972234972,51.90493016666667,90.974444,0.9097444172563895,29.11182135220447,94.58961428571428,0.9159090852976434,29.309090729524588,19.5,0.7525380710659898,24.081218274111677,71.51,0.656242424,20.999757568,127.12334764619044
7,Fiji,7.408918,0.968033079667352,30.977058549355263,49.00488766666667,99.6205787,0.996205762094856,31.878584387035392,95.3834242857143,0.928246876450615,29.70390004641968,36.5,0.5368020304568528,17.17766497461929,66.69,0.539393939,17.260606048,126.99781400542962
131,China,44.994072,0.3391003586432939,10.851211476585403,62.821069,94.46764198333332,0.9446763962164234,30.22964467892555,95.39253842857144,0.928388533007108,29.70843305622746,4.7,0.9403553299492384,30.091370558375637,77.5,0.801454545,25.64654544,126.52720521011405
82,Philippines,22.30978,0.7186888922452653,22.99804455184849,60.22630316666667,93.08121508333336,0.9308121275630304,29.78598808201697,93.63607785714284,0.901088746283944,28.834839881086207,18.1,0.7703045685279187,24.6497461928934,69.37,0.604363636,19.339636352,125.60825505984508
1,Iceland,5.909562,0.9931226149892972,31.779923679657507,0.0,1.21920995,0.0121920991951975,0.3901471742463206,100.0,1.0,32.0,0.4,0.9949238578680204,31.83756345177665,82.32,0.91830303,29.38569696,125.39333126568049
103,Peru,29.082422,0.6053586086555848,19.371475476978716,51.45459400000001,86.39954650000001,0.8639954434001141,27.64785418880365,92.99623871428572,0.8911440470283692,28.516609504907816,16.5,0.7906091370558376,25.2994923857868,75.44,0.751515152,24.048484864,124.88391642047698
120,Iraq,39.137866,0.4370954227171943,13.98705352695022,49.89483766666667,97.86227215,0.9786226970344328,31.315926305101847,97.27894157142858,0.9577079520203234,30.64665446465035,9.7,0.8769035532994924,28.06091370558376,70.39,0.629090909,20.130909088,124.14145709028617
47,Romania,14.896364,0.8427415939307045,26.967731005782543,82.9127825,87.09175590833334,0.870917537310395,27.86936119393264,100.0,1.0,32.0,46.2,0.4137055837563451,13.238578680203045,74.81,0.736242424,23.559757568,123.63542844791823
117,Armenia,37.919374,0.4574851087380644,14.639523479618065,10.8890935,94.250471245,0.9425046888873828,30.160150044396254,99.8244957142857,0.9972722248099744,31.91271119391918,20.4,0.7411167512690355,23.715736040609137,73.92,0.714666667,22.869333344,123.29745410254263
133,Uzbekistan,45.526694,0.330187706489806,10.566006607673792,74.42521083333334,98.05701981666668,0.9805701736524124,31.3782455568772,95.56222357142858,0.931025864174936,29.792827653597957,5.6,0.9289340101522844,29.725888324873097,71.64,0.659393939,21.100606048,122.56357419102204
125,Kyrgyz Republic,41.763552,0.3931583979936885,12.581068735798034,92.37203783333332,99.97505881666666,0.9997505631729026,31.99201802153288,89.87148414285716,0.8425775521409546,26.96248166851055,2.2,0.9720812182741116,31.106598984771573,70.01,0.619878788,19.836121216,122.47828862661304
37,Maldives,12.775734,0.8782272432960163,28.10327178547252,0.0,0.3756424483333333,0.0037564243894227,0.1202055804615271,99.45917342857142,0.991594203539558,31.73101451326586,0.0,1.0,32.0,79.14,0.841212121,26.918787872,118.8732797511999
118,Nepal,38.300384,0.4511094622251519,14.43550279120486,46.776919166666666,85.64873316666666,0.8564873102544839,27.407593928143484,90.20218357142858,0.8477174476879007,27.126958326012826,8.3,0.8946700507614214,28.629441624365484,68.75,0.589333333,18.858666656,116.45816332572664
20,Mauritius,10.552956,0.9154221904225444,29.29351009352142,0.0,3.960664,0.039606639009834,1.267412448314689,99.94805685714286,0.9991926737526609,31.974165560085144,5.0,0.9365482233502538,29.96954314720812,74.39,0.726060606,23.233939392,115.73857064112937
14,St. Lucia,9.537672,0.9324114870137512,29.83716758444004,0.0,10.376733333333332,0.10376733073915,3.320554583652802,96.69932271428571,0.9486992264968952,30.358375247900643,4.7,0.9403553299492384,30.091370558375637,72.28,0.674909091,21.597090912,115.20455888636911
134,Bangladesh,48.248418,0.2846436259415,9.108596030128002,28.243626000000003,80.15081616666667,0.8015081416289632,25.648260532126823,97.80159842857142,0.9658313457141506,30.90660306285282,9.3,0.881979695431472,28.223350253807105,71.72,0.661333333,21.162666656,115.04947653491476
142,Egypt,62.186678,0.0514071786958459,1.6450297182670717,66.29262666666666,99.04757285,0.9904757037381076,31.69522251961944,98.75609071428572,0.9806665411365632,31.381329316370024,6.3,0.9200507614213198,29.441624365482237,70.4,0.629333333,20.138666656,114.30187257573877
75,Laos,20.832206,0.7434139375739184,23.789246002365388,60.274504666666665,81.0035018,0.810034997749125,25.921119927972,83.63678514285714,0.7456747489970781,23.8615919679065,22.8,0.7106598984771573,22.741116751269036,67.5,0.559030303,17.888969696,114.20204434551292
132,Mongolia,45.226162,0.3352166710781858,10.726933474501948,64.15088933333334,90.36343731666666,0.903634350575808,28.91629921842585,81.44427885714286,0.7115977221837095,22.771127109878705,0.6,0.9923857868020304,31.756345177664976,69.92,0.61769697,19.76630304,113.93700802047147
22,Grenada,10.628222,0.9141627237144768,29.25320715886325,0.0,2.2129571,0.0221295704467607,0.7081462542963437,95.62865,0.9320582968764036,29.825865500044912,9.6,0.8781725888324873,28.101522842639596,74.99,0.740606061,23.699393952,111.58813570784412
69,South Africa,19.372512,0.7678397871868397,24.57087318997887,69.8957615,89.77141285,0.8977141060571474,28.72685139382872,93.37115785714286,0.8969712274415949,28.703079278131035,48.5,0.3845177664974619,12.304568527918782,64.58,0.488242424,15.623757568,109.92912995785741
51,Jamaica,15.718328,0.8289872255142862,26.52759121645716,0.0,12.397923666666664,0.1239792335671858,3.967335474149946,90.90140928571428,0.8585851626721467,27.47472520550869,5.6,0.9289340101522844,29.725888324873097,71.6,0.658424242,21.069575744,108.7651159649889
36,Moldova,12.751932,0.878625535042428,28.116017121357697,0.0,5.05072095,0.0505072082373197,1.6162306635942334,90.699325,0.8554442678579718,27.374216571455097,2.0,0.9746192893401016,31.18781725888325,70.3,0.626909091,20.061090912,108.35537252729029
13,Uruguay,9.243172,0.9373395148819246,29.994864476221583,0.0,1.3043902,0.0130439016739024,0.4174048535648787,99.44830514285717,0.991425283219414,31.725609063021253,30.7,0.6104060913705583,19.532994923857867,77.26,0.795636364,25.460363648,107.13123696466558
73,Djibouti,20.425962,0.7502118382641668,24.006778824453335,39.09562916666667,72.98874673333334,0.7298874490861472,23.35639837075671,75.99597485714285,0.6269174625625162,20.06135880200052,20.7,0.7373096446700508,23.593908629441625,63.86,0.470787879,15.065212128,106.0836567546522
87,Sri Lanka,23.706522,0.6953164525147115,22.25012648047077,0.0,4.8717791833333335,0.0487177906153885,1.5589692996924345,88.39489485714286,0.8196276646038131,26.22808526732202,3.3,0.9581218274111676,30.65989847715736,76.44,0.775757576,24.824242432,105.52132195664257
137,India,53.086028,0.2036932799470898,6.518184958306875,46.82179233333333,81.81386016666667,0.8181385812132023,26.180434598822472,91.5539162857143,0.8687267520850442,27.799256066721416,19.0,0.7588832487309645,24.284263959390863,69.89,0.616969697,19.743030304,104.52516988724162
23,Trinidad and Tobago,10.829534,0.9107940610788308,29.145409954522584,0.0,5.935482333333333,0.0593548218494627,1.8993542991828087,98.82430142857142,0.9817267060970096,31.415254595104308,30.3,0.6154822335025381,19.695431472081214,72.78,0.687030303,21.984969696,104.14042001689091
121,Senegal,39.150736,0.4368800620426157,13.980161985363704,14.511097,74.1221425,0.7412214064694649,23.71908500702288,82.68821142857142,0.7309315429653379,23.389809374890813,16.9,0.7855329949238579,25.13705583756345,67.07,0.548606061,17.555393952,103.78150615684085
104,Kazakhstan,29.099528,0.605072364700702,19.362315670422465,0.0,2.0384138333333333,0.0203841378237298,0.6522924103593565,95.39357833333334,0.9284046957258584,29.70895026322747,1.1,0.9860406091370558,31.553299492385783,72.36,0.676848485,21.65915152,102.93600935639506
92,Bolivia,25.38945,0.6671551075770913,21.34896344246692,0.0,17.53629116666667,0.175362907282594,5.6116130330430085,92.54908157142856,0.8841941075703997,28.29421144225279,3.9,0.950507614213198,30.41624365482233,66.52,0.535272727,17.128727264,102.79975883658506
68,Indonesia,19.267956,0.7695893793151409,24.62686013808451,0.0,7.534468866666667,0.0753446867830495,2.4110299770575843,91.803897,0.8726120770937085,27.92358646699867,13.2,0.8324873096446701,26.639593908629443,69.67,0.611636364,19.572363648,101.1734341387702
40,Panama,13.288772,0.8696423008123766,27.82855362599605,0.0,2.8364915333333336,0.0283649146242104,0.9076772679747352,94.07778385714286,0.907953961359358,29.05452676349946,36.9,0.5317258883248731,17.01522842639594,77.89,0.810909091,25.949090912,100.75507699586619
65,Nicaragua,18.370062,0.7846143255109495,25.107658416350382,0.0,7.2339096,0.0723390941915226,2.314851014128725,81.5387462,0.7130659807681915,22.818111384582128,9.6,0.8781725888324873,28.101522842639596,73.01,0.692606061,22.163393952,100.50553760970084
110,Cabo Verde,32.014792,0.5562896745985548,17.801269587153755,0.0,6.50944285,0.0650944268726393,2.083021659924458,88.39646471428571,0.819652064106929,26.22886605142173,6.4,0.9187817258883249,29.401015228426395,74.63,0.731878788,23.420121216,98.93429374292633
122,Gambia,39.652928,0.4284766115462705,13.711251569480655,29.563525166666665,62.00733183333333,0.6200733028315008,19.842345690608024,83.89216042857142,0.7496439191269243,23.988605412061577,14.6,0.8147208121827412,26.07106598984772,63.85,0.470545455,15.05745456,98.67072322199797
61,Seychelles,16.894536,0.8093051005473307,25.897763217514584,0.0,0.0,0.0,0.0,96.2396377142857,0.9415545728314666,30.12974633060693,28.9,0.633248730964467,20.263959390862944,72.3,0.675393939,21.612606048,97.90407498698445
91,Syria,24.856114,0.6760797074789591,21.63455063932669,0.0,5.092845400000001,0.0509284527267886,1.629710487257238,93.83011,0.9041044906755932,28.93134370161898,12.5,0.8413705583756346,26.923857868020303,68.4,0.580848485,18.58715152,97.70661421622322
96,Gabon,26.248054,0.6527876222129994,20.88920391081598,0.0,28.790054,0.2879005328024867,9.212817049679574,85.95800557142857,0.7817523152506216,25.01607408801989,17.4,0.7791878172588833,24.934010152284262,66.92,0.544969697,17.439030304,97.4911355047997
24,Belize,10.994232,0.9080380803187886,29.05721857020124,0.0,9.044347916666666,0.0904434769055797,2.894191260978552,98.22680857142858,0.9724401739459652,31.118085566270885,51.1,0.3515228426395939,11.248730964467004,71.95,0.666909091,21.341090912,95.65931727391768
86,Guatemala,23.338614,0.7014728561714989,22.447131397487965,0.0,10.670023833333332,0.1067002356658274,3.4144075413064776,93.50680585714284,0.8990795363496688,28.7705451631894,31.3,0.6027918781725888,19.289340101522843,70.94,0.642424242,20.557575744,94.4789999475067
112,Sao Tome and Principe,33.931024,0.5242243275768724,16.775178482459918,32.33503216666667,51.2303697,0.512303684192408,16.393717894157056,77.10068142857143,0.6440873633745506,20.61079562798562,22.9,0.7093908629441624,22.7005076142132,67.33,0.554909091,17.757090912,94.23729053081578
123,Mali,39.912562,0.4241320153237737,13.57222449036076,14.632893333333334,63.12477616666666,0.631247745885473,20.199927868335138,79.25811357142857,0.6776192503566737,21.68381601141356,11.8,0.850253807106599,27.20812182741117,58.71,0.345939394,11.070060608,93.73415080552064
67,Malawi,18.608276,0.7806281617398492,24.980101175675173,41.038815,67.35706948333333,0.6735706779940664,21.554261695810126,69.45935714285714,0.5253220880954885,16.810306819055633,46.4,0.4111675126903553,13.157360406091373,64.07,0.475878788,15.228121216,91.73015131263232
135,Ghana,48.42508,0.2816874450951597,9.013998243045112,14.379890833333334,71.4553935,0.7145539171361521,22.865725348356868,85.22991228571428,0.7704359260655222,24.653949634096712,33.0,0.5812182741116751,18.598984771573605,63.97,0.473454545,15.15054544,90.2832034370723
44,Comoros,14.354852,0.8518030072650008,27.257696232480026,0.0,13.183519333333331,0.1318351900374535,4.218726081198514,80.178715,0.6919276971649043,22.14168630927694,31.4,0.601522842639594,19.248730964467008,65.24,0.504242424,16.135757568,89.00259715542248
39,Botswana,12.89058,0.876305463029299,28.04177481693757,0.0,5.56002835,0.0556002821099929,1.7792090275197745,91.54359142857142,0.8685662780029426,27.794120896094164,43.1,0.4530456852791877,14.497461928934008,65.34,0.506666667,16.213333344,88.32590001348552
63,Lesotho,17.644478,0.7967559152314949,25.49618928740784,45.77828766666666,68.56325491666666,0.6856325320258534,21.94024102482731,72.85619071428572,0.57811737057579,18.49975585842528,44.0,0.4416243654822335,14.131979695431472,53.85,0.228121212,7.299878784,87.36804465009189
126,Cote d'Ivoire,42.161868,0.3864931608176637,12.36778114616524,16.455741833333335,61.2779225,0.6127792096805198,19.608934709776637,72.55191657142858,0.5733881900063581,18.34842208020346,23.4,0.7030456852791878,22.49746192893401,59.57,0.366787879,11.737212128,84.55981199307935
30,Namibia,11.890274,0.8930441246411869,28.57741198851798,0.0,12.730423166666666,0.1273042284840609,4.07373531148995,84.81418357142857,0.763974462928058,24.447182813697857,45.0,0.4289340101522843,13.725888324873097,62.08,0.427636364,13.684363648,84.50858208657888
35,Kenya,12.528406,0.8823659165611422,28.23570932995655,30.717572666666666,59.19232598333333,0.5919232450352523,18.941543841128077,60.85327985714286,0.3915621402522074,12.529988488070638,53.4,0.3223350253807107,10.314720812182742,62.46,0.436848485,13.97915152,84.00111399133802
81,Sudan,22.201662,0.7204980892471369,23.05593885590838,0.0,8.34336075,0.0834336054141598,2.669875373253116,61.59123014285715,0.4030317318502203,12.89701541920705,8.5,0.8921319796954315,28.548223350253807,64.96,0.497454545,15.91854544,83.08959843862235
116,Togo,37.102518,0.4711540022262971,15.076928071241507,5.6094172,45.261523366666665,0.4526152223512861,14.483687115241157,67.78477871428571,0.4992949544980463,15.97743854393748,17.0,0.7842639593908629,25.096446700507613,60.48,0.388848485,12.44315152,83.07765195092776
138,Pakistan,53.631344,0.1945682122222654,6.2261827911124925,0.0,10.128144,0.101281437467964,3.2410059989748503,90.18792142857144,0.8474957783464145,27.119864907085265,9.8,0.8756345177664975,28.02030456852792,66.19,0.527272727,16.872727264,81.48008552970053
114,Guinea-Bissau,35.679162,0.4949717884209719,15.8390972294711,14.08860625,42.10428525,0.421042841973929,13.473370943165728,61.33626771428572,0.3990689785521153,12.77020731366769,15.1,0.8083756345177665,25.868020304568528,61.34,0.40969697,13.11030304,81.06099883087305
111,Benin,32.469812,0.548675578705257,17.557618518568223,2.59734715,38.39484131666667,0.3839484035679566,12.286348914174612,66.67464628571429,0.4820407223066462,15.42530311381268,20.2,0.7436548223350254,23.79695431472081,59.67,0.369212121,11.814787872,80.88101273327632
119,Guinea,38.52676,0.4473213901141651,14.314284483653283,0.0,27.78244583333333,0.277824451387722,8.890382444407106,67.70194928571428,0.4980075781850315,15.936242501921008,6.6,0.916243654822335,29.31979695431472,58.95,0.351757576,11.256242432,79.71694881629611
115,Liberia,36.170508,0.4867498299119209,15.57599455718147,0.0,25.7583005,0.257582998560425,8.242655953933602,74.14495357142857,0.5981479660295327,19.14073491294505,22.5,0.7144670050761421,22.86294416243655,60.77,0.395878788,12.668121216,78.49045080249667
49,Tanzania,15.43374,0.8337493905225974,26.67998049672312,24.06153233333333,47.08683358333333,0.4708683240616252,15.067786369972008,56.54854842857143,0.3246558562102489,10.388987398727966,53.8,0.3172588832487309,10.152284263959393,65.25,0.504484848,16.143515136,78.43255366538249
124,Sierra Leone,40.456978,0.4150220077859827,13.280704249151448,13.6932715,54.32681663333333,0.5432681527516295,17.384580888052145,61.92857842857143,0.4082749672528427,13.064798952090968,20.7,0.7373096446700508,23.593908629441625,58.2,0.333575758,10.674424256,77.99841697473619
128,Mauritania,42.818526,0.3755049471543057,12.016158308937785,0.0,10.053337166666669,0.1005333691533324,3.2170678129066386,72.55172714285713,0.5733852458129706,18.348327866015055,13.8,0.8248730964467005,26.395939086294412,67.08,0.548848485,17.56315152,77.54064459415389
46,Eswatini,14.840616,0.8436744553826396,26.99758257224447,0.0,21.73581,0.2173580945660476,6.955459026113525,70.42797142857144,0.5403767746891667,17.292056790053334,41.3,0.4758883248730965,15.228426395939088,58.01,0.328969697,10.527030304,77.00055508835041
80,Ethiopia,22.111556,0.7220058817058452,23.104188214587047,6.781737166666666,16.691720633333333,0.1669172021604033,5.341350469132905,47.239523857142856,0.1799703508624124,5.759051227597199,12.6,0.8401015228426396,26.883248730964468,64.92,0.496484848,15.887515136,76.97535377828162
127,Burkina Faso,42.387888,0.3827110458473258,12.246753467114427,9.078296166666666,53.78516333333334,0.5378516198870429,17.211251836385372,49.416748,0.2138098549852868,6.841915359529178,11.1,0.8591370558375635,27.492385786802032,59.66,0.368969697,11.807030304,75.59933675383101
141,Tajikistan,59.523014,0.0959797098450817,3.071350715042616,0.0,2.623739683333333,0.0262373961773984,0.8395966776767498,80.64998942857143,0.6992524795126328,22.37607934440425,7.4,0.9060913705583756,28.99492385786802,70.25,0.62569697,20.02230304,75.30425363499164
105,Congo Republic,29.308614,0.6015736155161693,19.250355696517417,0.0,34.0572148,0.3405721394856965,10.898308463542287,73.3606575,0.5859580451021297,18.75065744326815,57.3,0.2728426395939086,8.730964467005077,64.1,0.476606061,15.251393952,72.88168002233293
108,Uganda,31.611022,0.5630461765080024,18.01747764825608,17.40945616666667,37.12900916666666,0.3712900823844146,11.881282636301266,54.348816285714285,0.2904665215192649,9.294928688616478,38.5,0.5114213197969544,16.36548223350254,65.44,0.509090909,16.290909088,71.85008029467636
113,Rwanda,34.990162,0.5065011982721481,16.20803834470874,0.0,13.391745166666666,0.1339174483187304,4.285358346199375,62.38008885714286,0.4152925676497929,13.289362164793372,35.7,0.5469543147208121,17.502538071065988,66.29,0.52969697,16.95030304,68.23559996676747
62,Zambia,17.124224,0.8054616069480607,25.774771422337945,0.0,20.75509733333333,0.2075509681445591,6.6416309806258935,66.51602785714286,0.4795753955348408,15.346412657114907,66.3,0.1586294416243655,5.076142131979697,62.31,0.433212121,13.862787872,66.70174506405844
100,Burundi,28.069692,0.622305167782699,19.913765369046367,0.0,12.400660833333331,0.1240066052331682,3.968211367461383,61.651471,0.4039680253137752,12.926976810040806,45.6,0.4213197969543146,13.482233502538069,61.49,0.413333333,13.226666656,63.517853705086615
95,Angola,25.914212,0.658373981057029,21.06796739382493,0.0,20.8653905,0.2086538997836525,6.67692479307688,56.67657028571429,0.3266456358003827,10.452660345612246,59.1,0.25,8.0,62.32,0.433454545,13.87054544,60.06809797251405
54,Madagascar,16.193868,0.8210297573566252,26.272952235412006,11.260305,33.397676016666665,0.3339767518172479,10.687256058151933,51.16690428571428,0.2410116573538677,7.7123730353237665,78.8,0.0,0.0,63.23,0.455515152,14.576484864,59.2490661928877
56,Mozambique,16.499078,0.8159225132627537,26.10952042440812,0.0,4.727668116666666,0.0472766799847496,1.5128537595119893,57.40962271428572,0.3380391024585162,10.81725127867252,60.0,0.2385786802030456,7.63451776649746,60.35,0.38569697,12.34230304,58.41644626909009
139,Nigeria,56.813564,0.1413184029093336,4.522188893098676,30.311561166666667,61.5867575,0.6158675596033111,19.707761907305954,74.72599228571428,0.6071787596812229,19.429720309799134,60.7,0.2296954314720811,7.350253807106597,52.82,0.203151515,6.50084848,57.51077339731036
140,Cameroon,58.351032,0.1155911188671445,3.6989158037486254,0.0,17.119519166666667,0.171195187386787,5.478245996377184,67.998398,0.5026151320385028,16.08368422523209,31.4,0.601522842639594,19.248730964467008,60.95,0.400242424,12.807757568,57.31733455782491
136,Niger,51.736746,0.2262715458147456,7.24068946607186,7.516167166666666,24.34929748333333,0.2434929687460091,7.791774999872291,47.412132,0.1826531127548977,5.844899608156728,22.9,0.7093908629441624,22.7005076142132,59.59,0.367272727,11.752727264,55.330598952314084
130,Chad,43.42019,0.3654369778528571,11.693983291291428,10.516938083333336,17.803307933333336,0.1780330748825065,5.697058396240208,50.42434542857143,0.2294704370389085,7.343053985245072,19.6,0.751269035532995,24.04060913705584,52.57,0.197090909,6.306909088,55.08161389783254
109,DR Congo,31.912296,0.5580047956320906,17.8561534602269,13.493555,34.4875488,0.344875479378113,11.036015340099617,35.66028228571428,0.0,0.0,62.1,0.2119289340101522,6.781725888324871,59.71,0.370181818,11.845818176,47.51971286465139
101,Central African Republic,28.319962,0.6181172644395149,19.77975246206448,13.84807875,29.90092690833333,0.2990092616081018,9.568296371459258,38.38001542857143,0.0422714497277513,1.352686391288045,54.1,0.3134517766497461,10.030456852791875,44.44,0.0,0.0,40.73119207760366
